"Zone","Substrate","Area","Rain","Wind","Micro","Year","Goby_lag","Year_2","BreachDays","Temp","DO","SAV","SC_count","SB_count","BreachDays_2","Temp_2","SAV_2","Goby"
3,0,1.57552955951542,0.560251916209361,0.897275136335187,0.342267661067031,0.112533663785947,1.29525447657463,0.0126638254850886,1.06992843479435,-0.610915308189056,-0.552090562411337,-1.42876085856503,0,0,1.14474685558148,0.373217513779729,2.04135759096747,8
2,1,1.50657610781491,-1.19488621446009,-0.232322223685526,-0.873444328928439,0.44277263975596,-0.124101158605818,0.196047610516461,-1.54343395555729,-0.350043165473797,0.591397097741724,0.234868277091314,1,0,2.38218837516721,0.122530217694916,0.0551631075838422,17
2,1,1.38016958720982,0.46546858089905,0.33728503977671,-0.814870780036919,-0.382824800169072,1.03718981563273,0.14655482762449,-0.286849224245118,-0.855604067687453,-1.01942835486705,-0.865240259678262,1,0,0.0822824774500262,0.732058320643316,0.748640706968106,1
2,0,1.04849400371313,2.00087174862008,0.205454788469476,0.487035041745124,1.10325059169599,-1.15635980237342,1.21716186807754,1.09419294006761,0.223799492679208,-0.111599508447531,-0.299552359734802,1,0,1.19725819009379,0.0500862129234708,0.0897316162226881,57
2,1,1.5366754909046,0.0221013075479608,1.26854411763509,-1.81886981463571,0.607892127740966,-1.80152145472817,0.369532838969439,-0.117003576201304,-0.75101737290138,-0.604738026232959,-0.67175463424223,0,0,0.0136898368438944,0.564027094399691,0.451254288625912,7
1,0,2.46499348897487,-0.386634278144395,-0.382901173291899,-1.37166017123474,-0.382824800169072,1.68235146798748,0.14655482762449,0.490511440586041,-0.96278282013662,-0.934137407647667,-1.70676079669668,0,0,0.240601473345793,0.926950758750223,2.91303241714069,5
1,0,1.80324532883242,0.563390017105636,1.99955262156557,0.977556558411176,0.44277263975596,1.16622214610368,0.196047610516461,0.0123315551295131,-2.07010223005153,-1.30311963784393,-1.38631901378632,1,0,0.00015206725191222,4.28532324286432,1.92188040798546,1
3,1,2.72370127588511,1.31518496522165,-0.777561539457652,0.129716708555236,0.938131103710979,0.392028163277982,0.880089967749979,0.799283797739457,-0.0732595955826919,-0.157027588781943,0.768474085748973,0,1,0.63885458932881,0.00536696834493957,0.590552420467719,59
3,0,2.29368657199666,-0.0120585805917602,-0.197634592830973,-0.647457062865342,1.598609055651,-0.511198150018669,2.5555509128094,-0.174943203008279,-0.813948070460088,-0.0619777883465501,-0.0841094119097971,1,0,0.0306051242787959,0.6625114614057,0.00707439317181192,8
3,0,1.82114134170115,0.561238546497161,-0.167207804324935,0.354720842660448,-0.217705312184066,-1.28539213284437,0.0473956029531615,1.47540500328739,1.75728418771613,0.994411214011148,2.05116441794039,1,1,2.17681992372547,3.08804771639715,4.20727546942473,136
2,0,2.96279258094728,-0.424376450262365,-0.263397512670291,1.42869282663689,0.44277263975596,-1.41442446331532,0.196047610516461,0.72526958197041,1.26164124186276,0.409248744056247,0.623889401155012,1,0,0.526015966531533,1.59173862316901,0.38923798487356,200
3,0,2.86119023850188,-0.624589709359016,1.79092984383612,0.833710698228733,0.607892127740966,-0.640230480489619,0.369532838969439,-1.05520093577828,-1.16715273205503,-1.33036943553486,-1.36829290914491,0,0,1.11344901486737,1.36224549994353,1.87222548521624,11
1,0,2.55178445205092,-0.442547884149242,-0.707320533154337,0.282168722596277,0.277653151770953,-0.253133489076769,0.0770912726883441,0.0476034087478158,0.221335537129554,0.416746862393471,0.849686246594377,0,1,0.00226608452441163,0.048989419996428,0.72196671765164,191
1,0,1.68198490375653,1.36083265601271,0.550372142780167,0.35930012700482,-1.0433027521091,2.06944845940033,1.08848063255842,0.0934165208186302,0.444273266865507,0.420481560794146,0.629570946788151,1,1,0.00872664636185757,0.19737873565135,0.396359577039729,124
2,0,1.51610492262989,1.57368814707833,-1.73680118100647,-0.0630369735551947,0.938131103710979,0.779125154690833,0.880089967749979,0.541246806210237,0.547270153651558,0.491656796743032,0.851693239654304,1,1,0.292948105232782,0.2995046210778,0.725381374472843,113
2,0,1.31618806906044,-1.09980003275918,-1.16275449330928,-1.01892084364605,1.598609055651,-0.511198150018669,2.5555509128094,-1.05416315161656,-1.03412167319973,0.930437227433303,0.0489512668079446,1,1,1.11125995022615,1.06940763498142,0.00239622652210258,16
1,1,2.74192468542606,0.216327757448435,0.807602672824637,0.707511308638789,1.598609055651,0.133963502336082,2.5555509128094,-0.3633717041014,-2.80808957030225,-1.76633094651463,-2.14025985940407,0,0,0.132038995341556,7.88536703484029,4.58071226577635,0
2,1,2.18124410370365,0.472627642302357,-1.08950668351518,-0.130451146187217,0.277653151770953,-1.28539213284437,0.0770912726883441,0.512710066301364,1.08491534381995,0.702529401780304,0.915068302720129,0,0,0.262871612086749,1.17704130325597,0.837349998643097,77
2,1,1.17102039558813,-1.38487852311469,-0.00982188853917117,-1.45961114409487,-0.217705312184066,1.94041612892938,0.0473956029531615,-1.06511448750272,-0.43551428727299,-0.726194950301064,-0.588620321339292,0,1,1.13446887148817,0.189672694418901,0.346473882693572,45
3,1,2.50746631342918,0.281634007814389,-0.949750859628709,-0.622306471051878,1.598609055651,0.521060493748932,2.5555509128094,0.438145639972938,0.2607293949061,1.26076110128543,1.17957211914205,0,1,0.191971601827295,0.0679798173681011,1.39139038425728,188
1,1,1.31156602501869,-0.390354978792723,-0.421251502264759,-0.397868510389062,-0.0525858241990593,-0.898295141431519,0.00276526890669437,0.603502548560121,0.843580967068833,-0.202634738487813,0.00571446654835041,1,1,0.364215326118562,0.711628848000787,3.26551279322159e-05,13
2,1,1.13530103350058,-1.76779286231981,-1.09588406823648,0.749363179590728,0.44277263975596,0.133963502336082,0.196047610516461,-0.340825689814887,0.611284016228673,0.979419336028343,0.331814885041559,0,1,0.116162150837793,0.373668148496657,0.110101117935143,85
2,0,1.24072184413671,0.753230448733623,-0.0950408003141946,1.17538546793605,1.598609055651,1.29525447657463,2.5555509128094,-0.815213889737168,-0.506741627739868,-0.455966022786157,0.227756481657198,1,1,0.664573686020404,0.256787077284451,0.0518730149368657,54
3,0,1.10191634017974,-0.49520596353807,0.0656603954363816,-1.11767432130973,-0.217705312184066,-0.124101158605818,0.0473956029531615,-0.441394452896836,0.61811984715304,-0.146526350915848,-0.225754476230078,0,0,0.194829063048098,0.382072145444498,0.0509650835379168,16
1,0,1.98228313960135,-1.46849901105758,-0.427492316009344,0.625945743817283,0.277653151770953,-1.02732747190247,0.0770912726883441,-0.600857979349526,1.00432765136429,0.623127278817338,0.856829911231842,0,0,0.361030311347996,1.00867403129492,0.734157496781566,148
2,0,2.03702441276982,2.15523711316133,-2.06663984559543,0.255832978085057,0.773011615725972,-0.124101158605818,0.597546958047278,2.2349268596742,3.02251435375166,2.51915700760111,1.69108733351679,1,1,4.99489806809318,9.13559301863483,2.85977636958093,40
2,0,1.06661341059953,0.83226362916688,-0.478976872672691,-0.70571257462147,1.10325059169599,0.650092824219883,1.21716186807754,0.223702775053261,0.800570008678395,0.448549767727485,0.231581553934434,0,1,0.0500429315665299,0.640912338795326,0.0536300161226872,79
2,1,2.36908208206296,1.19973657813348,-2.16242810972917,-0.754457037329083,-1.37354172807911,0.262995832807032,1.88661687877455,0.924607867847889,1.14751017124619,1.3123547945714,2.33046434554161,1,1,0.85489970928622,1.31677959311347,5.43106406584066,32
2,1,2.84613926569,0.180086550621806,-0.838503756801918,-1.26757099593368,-1.37354172807911,1.68235146798748,1.88661687877455,1.24327915777679,0.887216556141341,1.28209279693067,1.09656700779144,1,0,1.54574306416216,0.787153217491301,1.20245920257667,86
1,1,1.01905329758301,-2.36651096813575,0.383752566763513,0.918762068206734,-0.217705312184066,0.779125154690833,0.0473956029531615,-1.37383741466031,-0.887883734483171,-0.197438628107878,-0.0875289598316024,0,1,1.88742924192054,0.788337525959782,0.00766131880920227,8
3,0,2.53548705438152,-0.612588311647166,-0.636339597623553,0.49549581586407,-0.217705312184066,-0.124101158605818,0.0473956029531615,0.882355768218436,0.872949202799331,1.66760211660971,1.52929768057866,1,1,0.778551701708347,0.762040310667987,2.33875139582326,40
3,1,1.08797317557037,-1.43544525551647,-1.25175221018906,-1.07726720080108,-0.713063776139085,-2.31765077661197,0.508459948841731,-2.35019896896482,0.628969327945746,0.457160651610454,-0.201189701816835,1,1,5.5234351937233,0.395602415496523,0.0404772961171468,9
1,1,2.72631259355694,-0.450757415721639,0.742658442135296,-0.370997419048714,-0.382824800169072,-0.382165819547719,0.14655482762449,1.09266723588248,-1.06210736734977,-1.38068934387213,-0.814297006488726,0,0,1.19392168837106,1.12807205977865,0.663079614776501,6
2,1,2.24174259975553,0.306247985865253,-1.53370785700797,-1.07338740503861,1.10325059169599,-0.382165819547719,1.21716186807754,-1.30887813171953,-0.445431329520171,0.236604347617672,-0.54923315581694,1,0,1.7131619636936,0.198409069318108,0.301657059448635,17
3,0,1.97101604891941,0.558780226331142,-1.06681675169015,0.113634150346562,-1.70378070404912,0.262995832807032,2.90286868749012,1.16417881368615,1.14034464083868,0.492942390728912,1.03758623582153,1,1,1.35531231023569,1.30038589988949,1.07658519676628,57
2,1,2.62585418764502,0.10016969445507,0.313593764821379,1.67650915213463,1.26837007968099,-0.640230480489619,1.60876265902996,0.816644849985315,-0.916721585870176,0.550498219019277,-0.637556539531656,0,1,0.666908811007538,0.84037846600033,0.40647834109958,173
1,1,2.70858416426927,-1.39520646393767,-1.96277341730893,-0.0352905021401516,1.433489567666,1.68235146798748,2.05489234060725,-1.11578403135212,1.62360409436823,0.449481240758711,0.841081787914482,0,1,1.24497400462038,2.6360902552493,0.707418573961421,26
3,1,1.70325104752555,0.609022592146986,0.56913337500646,0.9802304023635,-0.713063776139085,-0.511198150018669,0.508459948841731,0.234404805261603,-0.438161850637027,-1.2338416839785,-0.648331248220799,0,0,0.0549456127297302,0.191985807353664,0.420333407419539,2
2,0,2.25877556717023,-0.729149729019301,0.258157504750793,1.95464411791636,-1.53866121606412,0.262995832807032,2.36747833781991,-0.194117747966571,-2.13247349070186,-1.44783565615636,-1.83148910702103,0,1,0.0376817000756131,4.54744318854616,3.35435234913668,0
3,0,2.77002465585247,-2.07379256895717,0.726805925691007,2.37936270338429,0.938131103710979,-0.511198150018669,0.880089967749979,-1.20047941615512,-1.18488434993889,-1.00613661028558,-1.12719507621057,1,0,1.44115082861214,1.4039509227301,1.27056873983336,4
1,0,2.6905463738367,-1.36397375800093,0.995297704438193,-1.36211018492124,0.773011615725972,0.0049311718651318,0.597546958047278,-0.688080259820156,-0.849670496179793,-0.956258686575494,-0.626005836402921,1,0,0.473454443954173,0.721939952078416,0.391883307210521,5
3,1,1.53935648221523,0.820529872851707,-1.37644740875117,-0.595078114050932,0.938131103710979,1.03718981563273,0.880089967749979,1.45529099051325,0.984746527486566,1.77434594890897,1.71842866663239,1,1,2.11787186706904,0.96972572339685,2.95299708230398,38
3,0,1.49087613774464,0.320036781103574,-0.185821404830204,0.445416932129129,1.10325059169599,-0.253133489076769,1.21716186807754,0.412811131376701,-0.599765501854399,0.577597065055823,0.804891322444993,1,1,0.170413030188512,0.359718657214659,0.64785004094725,26
3,0,1.8676094096154,-0.757401476992778,-1.95594708525756,0.531702416091802,0.112533663785947,0.908157485161783,0.0126638254850886,-1.80401461545431,0.578923132590557,0.790903072804706,2.00585786973758,1,0,3.25446873277276,0.335151993448463,4.0234657935882,14
2,1,1.52548882784322,-3.70022919997137,1.11966441289366,-0.0144151736240001,0.938131103710979,1.94041612892938,0.880089967749979,-2.10803241834281,-0.824890494372775,-0.809685554982665,-0.860845524892944,0,0,4.44380067678424,0.680444327706561,0.741055017728208,5
2,1,2.82290147384629,0.630404650875967,1.53460964370698,1.36089124469171,-0.0525858241990593,-0.382165819547719,0.00276526890669437,0.253904668848332,-1.30568116333551,-2.29053313569332,-1.20566677114957,0,0,0.0644675808629812,1.70480330028918,1.45363236305423,6
2,1,2.38022939208895,0.597387155258274,1.34469998147741,-0.635135935070437,-1.2084222400941,-0.511198150018669,1.46028431035405,0.998745746505092,0.221169054757331,-0.111898051916119,0.327583625732261,0,1,0.997493066162013,0.0489157507822512,0.107311031847894,162
2,1,1.93499871483073,-0.15335995860125,-0.0668468481263819,-0.0909204869944372,0.773011615725972,0.521060493748932,0.597546958047278,-0.624661317284524,0.720657326999189,-0.0871526263977352,0.23487556379515,1,1,0.390201761311637,0.519346982957616,0.0551665304680895,117
3,0,1.27397239115089,-0.722955449459657,-0.216534161425189,0.657374642628858,-0.547944288154078,0.133963502336082,0.30024294292068,-0.588641447416931,-0.989546003897584,-0.0322047356252321,-0.448108160010781,1,0,0.3464987536171,0.979201293829678,0.200800923068248,4
3,1,2.02064144518226,-1.39193557036534,-0.306470156156983,0.925481734124267,-1.70378070404912,2.19848078987128,2.90286868749012,-1.87514470265705,0.00320097878012911,-0.335546626349005,-0.69425738336187,1,1,3.51616765590281,1.02462651508368e-05,0.481993314352471,4
3,0,2.94595244619995,-0.543906589164432,0.989108498945759,1.86175400659616,-0.0525858241990593,0.650092824219883,0.00276526890669437,-1.28171978767668,-1.30869282862693,-1.06335897581861,-0.663225788504213,0,1,1.64280561412195,1.71267691969956,0.439868446537035,10
3,0,1.36818905407563,-0.342248763661996,-0.67419147456597,-0.0705087632720159,-1.53866121606412,0.521060493748932,2.36747833781991,-1.32087891550772,0.058354424297523,0.428374959291143,0.740946451619079,1,1,1.74472110943286,0.00340523883509535,0.549001644166904,5
3,0,2.18587456597015,-0.90312661581082,-0.917331588422752,-0.701008770103806,-0.0525858241990593,0.650092824219883,0.00276526890669437,-0.526407495918944,1.58703679170821,0.647139477322724,0.71528957181343,1,0,0.277104851759653,2.51868577823548,0.511639171545039,38
2,0,2.05342673696578,-1.02615941219642,0.403990624075339,0.223184826307647,1.26837007968099,1.29525447657463,1.60876265902996,-2.42620234203146,-0.631937075595771,-0.250383507987212,-0.986891406411202,1,0,5.88645780447896,0.399344467512535,0.97395464804828,5
2,0,2.51024129288271,1.09626501907765,-0.919839688461455,-0.817956238419277,-0.547944288154078,0.779125154690833,0.30024294292068,1.59749355006773,0.928178291873473,2.73470981604347,1.9184084855595,1,1,2.551985642508,0.861514941505159,3.68029111746668,188
2,0,1.51940322713926,-0.495515164148359,-0.211524668959624,1.02599227083624,-1.0433027521091,1.29525447657463,1.08848063255842,-0.702154174837866,-1.2020462036037,-0.359469037828164,-0.157094325725533,0,1,0.493020485242244,1.44491507559807,0.02467862717516,38
1,1,2.23511417210102,0.374325151880538,0.680125582141691,-1.13893750749516,0.773011615725972,-0.382165819547719,0.597546958047278,0.307383118885312,-0.119942347767395,-0.611971145563106,0.411478812390453,0,1,0.0944843817756617,0.0143861667879548,0.169314813046258,112
1,0,1.07194918207824,0.289483455690898,1.83982539538204,2.31436704813023,-1.0433027521091,-0.253133489076769,1.08848063255842,1.02984099266688,-0.505165842321278,-1.46731039163514,-1.32918470055158,0,0,1.06057247017711,0.255192528248166,1.76673196818038,6
2,0,2.91816880181432,0.469037316873278,-1.01843298905257,0.940138829360997,-0.217705312184066,-0.382165819547719,0.0473956029531615,0.558109343814322,1.73117144364777,1.15410267637896,1.24510758890085,1,1,0.311486039652854,2.99695456730151,1.5502929079385,144
1,0,1.33180137490854,-0.460534776131683,-0.961921979423563,-0.415296724934371,-0.713063776139085,1.42428680704558,0.508459948841731,0.0260251933562674,1.62149646132634,1.36430491711292,2.20267829942699,1,1,0.000677310689231103,2.62925077409385,4.85179169076658,91
2,0,1.61777814058587,0.603041635038793,-0.667883919449768,-0.897322024907305,-0.217705312184066,1.81138379845843,0.0473956029531615,0.0294957510308462,0.588849656045362,0.184773730413615,0.114076882105374,0,0,0.000869999328873667,0.346743917424741,0.0130135350308835,121
1,1,1.81137768924236,0.173923597976717,1.94743156525845,0.944868746946044,-1.37354172807911,0.262995832807032,1.88661687877455,-0.685186476631353,-1.53146760556269,-0.862357989113646,-1.59223761460557,0,0,0.469480507758488,2.34539302688791,2.53522062136484,1
1,0,1.89927269425243,1.232895946036,0.582938877532587,1.4023980602772,0.112533663785947,0.650092824219883,0.0126638254850886,1.2842648514477,0.401851975818064,0.225014924214691,0.425827591693542,0,0,1.64933620866399,0.161485010468882,0.181329137847522,142
2,0,2.12997895246372,0.173334464832251,0.387222186199497,-2.32763144550005,0.773011615725972,-1.02732747190247,0.597546958047278,0.0320586733664937,0.461590092298641,0.533194115621052,1.59841421798836,1,1,0.00102775853801953,0.213065413308268,2.55492801226735,48
3,0,2.107143050991,-0.67427267430081,-0.900917578252705,1.98229361058572,-1.37354172807911,0.521060493748932,1.88661687877455,-0.391871172793264,0.542329107646452,1.52289536254481,0.698481636182786,1,1,0.153563016066368,0.294120861000597,0.487876596084582,95
1,1,2.71449567889795,1.65523141960052,-1.42189427464973,-0.551686401417905,0.938131103710979,-1.28539213284437,0.880089967749979,0.597816873130313,0.925197471070402,0.62449216006128,0.462332652852483,0,1,0.357385013799305,0.855990360475068,0.213751481893615,38
2,1,1.85335201909766,-0.243830799386696,0.534648383004436,-1.13534536682976,-0.0525858241990593,-0.124101158605818,0.00276526890669437,-0.474882266011003,-1.31393084986106,-1.33824381625052,-1.34811072803001,0,0,0.225513166571745,1.72641427821661,1.8174025350296,4
3,1,2.03073825640604,0.21547517997766,1.95594159480458,0.105095812049323,0.277653151770953,-0.769262810960569,0.0770912726883441,-1.31362233230623,-1.90141219248146,-1.67988247582489,-1.69175098672727,0,0,1.72560363193367,3.61536832571715,2.8620214010927,0
1,1,2.05985667929053,1.64784445380189,-0.656725661098655,-0.404132087307976,1.433489567666,-1.41442446331532,2.05489234060725,0.0485952504165513,0.430832445012746,0.323588146891291,0.140090009609378,0,0,0.00236149836304733,0.185616595675661,0.0196252107923556,51
2,0,1.89861849695444,0.343784874435028,-0.652428563415714,1.34499763103703,-1.0433027521091,0.908157485161783,1.08848063255842,-0.755638284060149,0.107753684167426,0.721163180212069,0.660514854096559,1,1,0.570989216337367,0.0116108564516535,0.436279872482199,142
1,1,1.65302584972233,0.718968856993264,1.17156135388889,0.690976569367294,0.607892127740966,-0.253133489076769,0.369532838969439,0.405808747240949,-0.935733367532149,-1.04738542072089,-1.30047667283625,0,0,0.164680739337268,0.875596935113056,1.69123957659125,7
3,1,2.7313312063925,-2.38840035690369,1.87282540279171,-0.706199970490288,-1.53866121606412,1.42428680704558,2.36747833781991,-2.22038398945724,-2.63212066418156,-1.74759496750641,-2.10372057344166,0,1,4.93010506063804,6.92805919081159,4.42564025112169,0
2,1,2.62016905657947,-1.19642138045281,-2.34093176711321,0.762565523138038,-0.382824800169072,0.0049311718651318,0.14655482762449,-0.479347951048761,2.013984590526,1.31906190793769,1.82999817668878,1,1,0.229774458174645,4.05613393087616,3.34889332668426,23
3,1,2.98426722502336,-0.975825561101799,-0.0303123223954446,-0.266024267115605,-1.70378070404912,0.779125154690833,2.90286868749012,-0.56698349551778,-0.339903423665311,0.290640063784529,0.0752109444165614,0,0,0.321470284189561,0.1155343374194,0.00565668616003109,13
3,0,1.86576509010047,0.298263954970864,0.00294065799281297,-0.0445526583236459,-0.878183264124091,-0.640230480489619,0.771205845387643,-0.080078667049421,1.00475503379404,-0.531380200866025,0.385404434447628,1,0,0.00641259291641203,1.00953267793446,0.148536578091896,15
2,0,1.93191338703036,0.66179563447615,0.597840192125741,0.124817178637371,-0.547944288154078,0.650092824219883,0.30024294292068,-0.568985376575414,-1.20998439837538,-0.825887679434129,-1.63030005094011,0,0,0.323744358756666,1.46406224431183,2.65787825609533,5
2,0,1.95891513489187,-1.36361980849363,0.529819743724874,-0.0790884086102449,-1.53866121606412,-0.124101158605818,2.36747833781991,-1.28639667624761,-2.1860813407774,-0.948182568379732,-1.80630319885548,0,0,1.65481640866091,4.7789516284951,3.26273124619553,0
2,1,2.76119765546173,0.836539288731798,-0.414638620323214,-1.11116050910481,-0.382824800169072,0.650092824219883,0.14655482762449,1.18877538714452,0.634719272589481,0.108536736883033,0.20675642213432,0,1,1.4131869210806,0.402868554996519,0.0427482180937852,195
1,1,2.03064609039575,3.48149327347792,1.68367255836378,1.77792814665631,-1.2084222400941,0.650092824219883,1.46028431035405,2.65463466735226,0.5339989869394,0.172226230988885,-0.475653440452902,0,0,7.04708521710846,0.285154918052305,0.226246195414682,10
1,0,2.37316248659045,1.05468772611338,-1.55262029805784,-0.731624668081364,-0.0525858241990593,0.521060493748932,0.00276526890669437,0.540066749483329,1.15262082393772,1.50892359433141,1.3762760426093,0,1,0.291672093897489,1.32853476377488,1.89413574546031,177
1,0,1.35379751957953,-0.868660862481432,-0.144728794685327,-0.923646383491858,0.44277263975596,-0.898295141431519,0.196047610516461,-1.99562148403989,-1.83354490155466,-1.56159847152383,-1.18433952545364,0,0,3.98250510756155,3.36188690601708,1.40266011155174,0
1,1,1.93938250932842,-1.16569197661548,-0.250874752930938,-1.46610796115387,0.938131103710979,0.650092824219883,0.880089967749979,-1.03475106979695,-0.682290226835083,0.730548090725403,0.0708066222772859,0,0,1.07070977644592,0.465519953634669,0.00501357775831824,21
2,0,2.37258322024718,-0.605839779117208,-2.17992345821711,0.484534979422202,1.10325059169599,1.81138379845843,1.21716186807754,-2.26992329869692,0.505114859071699,1.61906544956055,0.313807624966518,0,1,5.15255178196711,0.255141020855022,0.0984752254871271,160
2,0,1.0547462082468,1.62335057732222,3.60900263939633,-0.934949017443876,-1.53866121606412,0.262995832807032,2.36747833781991,2.28564288197086,-0.669030923613628,-2.3741836509702,-1.76568143250251,0,0,5.22416338390405,0.447602376751304,3.11763092108411,1
1,0,1.70549899945036,-0.0851925113873788,1.13830746319972,-0.477163598887162,-1.53866121606412,-1.54345679378627,2.36747833781991,0.0177167375673143,-0.0320262958257328,-0.200707386048681,-0.775670925043233,1,1,0.000313882790029085,0.00102568362431735,0.601665383957425,19
3,1,1.33326778467745,-0.291657410043816,1.0245098369594,0.143071197919378,-0.878183264124091,0.133963502336082,0.771205845387643,0.689076346690495,0.108156743895781,-1.1556322310891,-0.775195250351244,0,0,0.474826211568319,0.0116978812501375,0.600927676167128,7
3,1,2.1731852912344,1.10181280677246,0.0344421939530438,-0.393558765350125,0.607892127740966,0.650092824219883,0.369532838969439,0.661747762386791,0.542869920327008,0.258094918177148,-0.33962779770528,0,0,0.437910101023925,0.294707750395852,0.115347040974139,42
2,0,1.57770238863304,1.74820123246248,0.528897919280096,-0.231713968120454,-1.0433027521091,0.779125154690833,1.08848063255842,2.56615658088744,0.10619798955648,-0.0488810865180423,-0.991272500521949,0,0,6.58515959763192,0.0112780129858382,0.982621170291038,41
2,0,2.07508214609697,-0.729356650567026,-0.804399007270064,0.140498806985666,-0.382824800169072,-1.28539213284437,0.14655482762449,-1.01903768509762,0.659541089885386,-0.828673980137351,0.159683596498701,0,0,1.03843780364912,0.434994449247203,0.0254988509907599,24
2,0,1.26690975436941,0.323742327098535,-1.36943635561931,0.792086393425076,0.277653151770953,-1.54345679378627,0.0770912726883441,0.815553060218384,2.08110005103892,1.47146577730099,1.74389493940368,1,1,0.665126794031572,4.33097742243418,3.04116955967776,95
1,1,2.2855927250348,-0.577349270853147,1.32375143601647,2.05754389268833,-0.382824800169072,3.10170710316794,0.14655482762449,-0.33530360846666,-0.565774881725266,-1.3078238643184,-1.55194634502961,0,0,0.112428509850763,0.320101216791239,2.40853745785077,8
2,0,1.24554026778787,-0.959481157867071,0.676378087616673,-1.01667037809161,0.607892127740966,-1.28539213284437,0.369532838969439,-0.101228268900707,0.272305510192126,-0.0173277885896127,-0.60717692359224,0,0,0.0102471624246338,0.0741502908809939,0.368663816542937,80
1,1,2.32120784139261,1.06310921413144,0.106988696629066,1.12515292377382,-1.0433027521091,0.650092824219883,1.08848063255842,-0.12080622669329,0.0564404241311924,0.612837720623315,-0.239439796170511,1,0,0.0145941444078705,0.00318552147610888,0.0573314159901761,4
3,0,1.67966120690107,-0.293802457011299,0.0810797663804248,0.868935794446174,-0.547944288154078,1.03718981563273,0.30024294292068,1.33022714121825,1.16114293886207,0.582340381156425,0.497989336297165,1,1,1.76950424723368,1.34825292446924,0.247993379065691,78
1,1,2.23439026158303,0.63143611263568,-0.335310309621709,-2.98647549674881,1.433489567666,0.908157485161783,2.05489234060725,0.665706961151273,1.43728553335689,0.41173694992532,1.33887459143049,1,1,0.443165758125262,2.06578970439701,1.79258517157815,18
1,1,2.65884694037959,-0.958231746055378,0.753885853141033,-0.0588880674616919,1.598609055651,-0.253133489076769,2.5555509128094,-0.905233587106806,-1.58243093703873,-1.10563838037825,-1.08557990403376,0,0,0.819447847226256,2.50408767049726,1.17848372804195,1
1,1,2.59838882507756,0.284837551616124,0.102259378727431,0.566209106370095,-1.37354172807911,-0.124101158605818,1.88661687877455,-0.541201720282572,0.719901577279356,-0.254007604643818,-0.353770539178026,0,0,0.292899302036816,0.518258280969305,0.125153594390311,23
2,0,1.35747842863202,-2.09256394186208,-0.307779475132673,1.72745163337204,-1.53866121606412,0.262995832807032,2.36747833781991,-2.32764591857819,-0.25116343235925,-0.453308500731115,0.08677852152969,1,0,5.41793552227371,0.0630830697544793,0.00753051179887887,5
1,1,1.5304853040725,-1.09143884133112,0.559894986303169,-1.45490005796945,1.26837007968099,1.94041612892938,1.60876265902996,-1.86064849027204,-0.69481590408777,-1.93678838085267,-2.07200241346159,0,0,3.46201280435162,0.482769140573305,4.29319400139067,0
1,1,2.09407110279426,1.04127409890874,-0.492242663300975,-0.212412784994586,1.433489567666,-1.54345679378627,2.05489234060725,-0.393156606777878,0.197195728033957,0.251275426292869,0.999241641480264,0,0,0.154572117453095,0.0388861551548425,0.998483858068173,17
3,0,1.67092373035848,-0.638268887355505,0.200371721632476,-2.17451105266076,1.26837007968099,1.16622214610368,1.60876265902996,-0.342053405798204,-0.962050011092805,-0.169748309533235,-0.611400231447495,0,0,0.117000532418151,0.925540223843666,0.37381024301405,5
3,1,1.83914066338912,-0.0315253295135962,0.664863799283466,0.508910939263731,-0.217705312184066,0.392028163277982,0.0473956029531615,0.768400514690629,-1.02602714112982,-0.623948744015329,-0.090588784763065,0,0,0.590439350976824,1.05273169433503,0.00820632792484891,3
1,1,2.32130154175684,-1.13793208919753,0.162526825519555,1.26400785720542,0.938131103710979,-0.640230480489619,0.880089967749979,-0.464015857408189,-0.123821898437963,-0.676314573013487,-0.948624151750646,0,0,0.215310715926257,0.0153318625327813,0.899887781284632,9
3,1,2.57228031754494,-1.60063693618106,-1.64750449554605,0.109163091535764,-0.878183264124091,-0.640230480489619,0.771205845387643,-2.27163377367984,0.0671061775471569,0.711855594440717,0.395720952457513,0,1,5.16032000172291,0.00450323906499054,0.156595072213881,14
1,0,1.34950972814113,-0.185060544432815,-0.110687471418155,0.741521382667029,-0.0525858241990593,-0.382165819547719,0.00276526890669437,-0.0137355496220514,0.77155424523045,1.0535232635106,0.632293051880524,0,1,0.000188665323419836,0.59529595333313,0.399794503456387,101
3,1,2.0306606059894,0.540795794933751,-0.0542320916173372,-0.956004612562978,-1.2084222400941,-0.253133489076769,1.46028431035405,1.39368969563065,0.570393170241139,0.721213135837979,0.77203639549685,1,0,1.94237096770706,0.325348368657737,0.596040195971768,23
3,0,2.75906106922776,-0.945228741415768,-0.486126695873603,1.14379579992226,1.26837007968099,-1.80152145472817,1.60876265902996,0.0972491493979428,0.0898733646984815,0.638039884355049,-0.0884855558970086,1,1,0.00945739705862339,0.00807722168222626,0.00782969360240263,48
2,1,1.86645505297929,0.166481830440869,0.289704562991524,-0.0431375134972224,0.44277263975596,0.908157485161783,0.196047610516461,1.37365022989906,1.37389171145218,0.305435428306252,0.0905902934692986,0,1,1.88691495410175,1.88757843479701,0.00820660127085364,82
3,1,1.83416018215939,1.5730159511911,0.692010875217931,0.206184989827933,0.112533663785947,0.392028163277982,0.0126638254850886,1.36194931453211,-0.125155464267649,-0.422292048791189,-0.77088451986417,0,0,1.85490593535449,0.0156638902360507,0.594262942966212,18
3,1,1.55909289047122,-0.181872529305671,1.08563926375217,0.0715867719655129,-1.70378070404912,1.55331913751653,2.90286868749012,-2.23120080334815,-2.15399906036986,-2.10270465904799,-1.21373464903182,0,0,4.97825702486145,4.63971195207425,1.4731517982604,0
3,0,1.93667365098372,-0.0578800148432507,-0.360234124546454,0.487322746825723,-1.37354172807911,0.521060493748932,1.88661687877455,0.435953728225567,0.857881382806467,0.631454084107417,0.782373921531797,1,1,0.190055653153771,0.735960466965936,0.612108953093043,133
2,0,2.62755275145173,-0.0647305415534908,-0.402334850362786,0.499490150683624,-1.2084222400941,0.262995832807032,1.46028431035405,0.149138158897224,1.33904343559488,1.06418020295318,1.5936189155304,0,1,0.0222421904392535,1.79303732240973,2.5396212479363,101
2,0,1.37566612102091,0.226746987460321,-1.05634495296737,0.871569071354118,-1.70378070404912,0.650092824219883,2.90286868749012,-0.929300644058453,-0.356882877846361,0.489624474436485,-0.245417828596809,1,1,0.863599687047456,0.127365388499901,0.0602299105931725,49
3,0,2.74543574312702,0.650757195249337,0.942614390634869,0.848519982279885,-0.217705312184066,-0.124101158605818,0.0473956029531615,0.393077977901916,-0.701037066615111,-0.664647625409657,-0.729278908758678,0,0,0.154510296711459,0.49145296876832,0.531847726760249,32
1,0,2.70622436935082,-0.615474013854814,0.254074893837088,1.62379158204343,1.26837007968099,0.650092824219883,1.60876265902996,-0.795021772203332,-0.767167390273657,-1.74752716860644,-1.36820440325181,0,0,0.632059618277326,0.588545804699294,1.87198328907764,1
2,0,2.01551187690347,0.752007778846289,-0.901279059343698,0.764095310605194,-1.70378070404912,1.81138379845843,2.90286868749012,0.254476035519928,0.716204046324341,1.00006677721552,0.692823737210029,0,0,0.0647580526539397,0.512948235971359,0.480004730841671,151
1,0,2.3042966555804,-0.745182642808996,0.819308461951211,-0.0241240554618274,-0.217705312184066,-0.253133489076769,0.0473956029531615,-0.128559482686973,-0.416649423016593,-0.76897069798062,-0.693335340360756,0,1,0.0165275405887422,0.17359674170006,0.480713894193166,58
3,0,2.99893127707765,0.181385116271557,-0.82205263359782,-1.98623660833266,-1.0433027521091,0.908157485161783,1.08848063255842,-0.2183689842713,0.945473363124372,0.211904147902912,0.601347748743863,1,1,0.0476850132916794,0.893919880377711,0.361619114919313,26
3,1,2.28118938533589,0.7554161969861,0.474750058747249,0.111136538045686,-0.217705312184066,0.0049311718651318,0.0473956029531615,0.119635367315982,0.41265377592874,-0.204601885839733,-0.364084280910219,1,0,0.0143126211128299,0.170283138788247,0.132557363605912,26
3,1,1.99761177320033,-1.08910494829971,1.49319959759385,-1.58208160303673,-0.0525858241990593,-0.769262810960569,0.00276526890669437,-1.62265011323915,-2.22093512457903,-1.64246322365336,-1.45187353848084,0,0,2.63299338999502,4.93255282758889,2.10793677174087,0
3,0,1.62983103608713,0.314489820499005,-0.144549619245356,1.10947282422153,1.433489567666,1.03718981563273,2.05489234060725,0.371685153976808,0.213450351766869,-0.310540748466182,0.738808721886013,0,1,0.138149853686764,0.0455610526694002,0.545838327534845,122
2,0,2.99654240719974,0.39851075049379,0.882353873063487,-1.10435170690867,0.277653151770953,1.55331913751653,0.0770912726883441,0.675968428072396,0.184123373740554,-0.350721544314159,-0.184931080681055,0,0,0.456933315750666,0.0339014167576037,0.0341995046018627,28
3,0,1.46424880577251,-0.168811562165477,-0.57350100169394,-0.51963603690175,1.10325059169599,-0.511198150018669,1.21716186807754,0.316534314935838,0.0868248727067251,-0.253629254662216,0.111750087506911,0,0,0.1001939725319,0.00753855852053902,0.0124880820578022,57
1,1,1.89349785307422,-0.446340413800592,0.887437338265949,0.990978563639761,-0.0525858241990593,-1.80152145472817,0.00276526890669437,0.540079010938783,-0.102448739396992,-1.08077409871803,-0.584845272191833,0,0,0.291685338056614,0.0104957442040328,0.34204399240514,27
1,1,1.52987612271681,-0.677383813167764,0.20796441581952,-0.989036405452249,-0.382824800169072,-0.511198150018669,0.14655482762449,-1.94938922033237,0.222355166440486,1.01282252823819,0.625274327418393,0,0,3.80011833234805,0.0494418200427763,0.390967984528523,44
3,1,1.11625070823357,1.2687650009274,-0.9252308506925,0.595854556346887,-1.70378070404912,-0.124101158605818,2.90286868749012,0.90778885966686,0.0583321084601556,0.992016252418431,0.782747921150485,1,1,0.824080613735258,0.00340263487740736,0.612694308065405,29
2,1,2.91171494405717,-1.19930847349079,-0.245250914158519,-1.28042663348392,1.10325059169599,0.0049311718651318,1.21716186807754,-1.61458591744379,-0.028540346978954,-0.701830155598721,-0.466921208621613,0,1,2.60688768480781,0.000814551405679091,0.218015415060668,49
1,1,1.15422468120232,0.554288198112863,1.1352315553073,-1.45241305550304,1.26837007968099,1.68235146798748,1.60876265902996,0.816435157442544,-0.521108601516343,-0.93812842490488,-1.18091272774004,0,1,0.666566366308232,0.271554174574318,1.39455487053842,9
2,0,1.93216912541538,-0.0908752703320649,-0.831718894162129,0.724851324552465,-0.382824800169072,-1.93055378519912,0.14655482762449,0.0444357451656392,-0.126951417667713,0.509093511127915,0.17666854924765,1,0,0.00197453544842563,0.0161166624478422,0.0312117762932692,45
1,0,1.38349760649726,-1.17522930499346,-0.267099150951677,0.541545746104863,0.938131103710979,1.16622214610368,0.880089967749979,-1.42410625059412,-0.251240190152555,-0.092854539575793,0.40869445346683,1,0,2.02807861298125,0.0631216331478919,0.167031156294551,27
3,0,2.96235584374517,-0.829814966133745,-0.82946590162003,0.0916058772761663,-1.0433027521091,-1.80152145472817,1.08848063255842,-0.742421909574986,0.200383662707422,1.17709216435824,1.00214494924371,1,1,0.551190291816969,0.0401536122800419,1.00429449929469,81
3,0,2.86070138541982,-0.905387831330758,0.347739629328925,-0.913848918253382,-1.70378070404912,-0.511198150018669,2.90286868749012,0.378733833092939,-0.813688381294592,0.726790925793851,0.270674151216254,1,0,0.14343931632927,0.662088781853813,0.0732644961366397,10
1,1,2.03864329587668,0.481426601278841,0.453517563155036,0.36235427119239,1.598609055651,-0.382165819547719,2.5555509128094,0.0121037477881378,-0.321410076618457,-0.665121136848633,-0.585181873661671,0,0,0.000146500710518851,0.103304437351882,0.342437825262183,31
2,0,2.91149241477251,-0.245033404530811,0.0259584026324124,1.17888613587933,-0.547944288154078,-0.640230480489619,0.30024294292068,-1.24391584950843,-0.1578486640177,0.416935840653233,0.419430490747629,0,1,1.54732664065828,0.0249162007321727,0.175921936568797,84
1,1,2.41291099600494,1.23425538455943,-0.40978489568726,-0.160291318235698,0.773011615725972,0.0049311718651318,0.597546958047278,1.57952500078895,0.766408589648303,1.20778345788782,-0.00907047780952874,1,1,2.49489922811734,0.587382126286701,8.22735676931533e-05,23
3,1,2.30908127129078,0.0142505132606241,-1.9890017941191,0.813921830270439,-1.0433027521091,-1.02732747190247,1.08848063255842,0.830205862300238,2.90909189782922,2.61687035335358,2.56273004412747,0,1,0.689241773797681,8.4628156700156,6.56758527907357,7
3,1,1.44299156870693,-0.476173558105152,-0.283277978508608,0.884462062196185,-1.0433027521091,-0.124101158605818,1.08848063255842,-0.66085147016824,0.965003580736026,0.871742658275815,0.12873112975136,0,0,0.436724665623524,0.931231910833352,0.0165717037670615,9
2,1,2.24229450663552,-0.508153262389206,1.14544359347118,-0.0232472903968188,-0.0525858241990593,0.392028163277982,0.00276526890669437,0.805186915663585,-0.998378679871462,-0.353033485282762,-0.805021020342629,1,0,0.648325969155838,0.996759988421883,0.648058843193487,3
2,0,2.75520075205714,-0.847727084389132,-0.786411778028587,0.232371259303877,0.44277263975596,-0.124101158605818,0.196047610516461,-0.615131800051945,1.20238006828629,1.0593242347329,0.374306717285511,1,0,0.378387131435146,1.44571782861215,0.140105518605055,113
1,0,1.59129849541932,-0.0312183934594879,1.95980048774916,-0.434577125261088,1.10325059169599,1.03718981563273,1.21716186807754,-0.806782632025701,-0.839841745378446,-2.47765609669389,-1.16436636796867,0,0,0.650898215338317,0.705334157280314,1.35574903885654,4
2,0,1.71365112066269,-0.808590415650874,0.610542545874851,-0.69393428819449,-1.2084222400941,-1.15635980237342,1.46028431035405,-0.681435711079446,-1.17201879845663,-0.562081540666105,-1.12759191711342,1,1,0.46435462833435,1.37362806393572,1.27146353153952,9
2,0,1.49861180689186,-0.0230731420890366,-0.282614530657507,-0.29246227855412,0.277653151770953,-0.253133489076769,0.0770912726883441,0.203657839604985,1.32441085752767,0.0685878826743822,0.288217664336064,1,0,0.04147651563257,1.75406411953718,0.083069422035336,40
1,1,2.38997478457168,0.439541600018131,1.53807125456796,-2.19702454000154,1.433489567666,-1.41442446331532,2.05489234060725,0.710517585212346,0.350869704101373,-0.981680166992957,0.137150603968297,0,0,0.504835238895983,0.123109549256185,0.0188102881688688,20
1,1,1.47281703772023,-1.75913902141148,1.29243991478837,0.23134962407149,-1.53866121606412,-0.124101158605818,2.36747833781991,-0.852002819491826,-0.836452088361925,-1.16268523686346,-0.624491269692425,0,0,0.725908804422021,0.699652096125026,0.389989345922057,8
3,0,1.19631566293538,-0.408815950424977,-0.344013236885233,1.2662352531858,-0.713063776139085,-0.511198150018669,0.508459948841731,0.595664096488388,1.06371909449196,-0.467212301383258,-0.0498838528915686,1,1,0.354815715845328,1.13149831198679,0.00248839877930765,40
3,1,1.38399990461767,0.341157280341228,0.59551895694547,0.552037733161193,0.773011615725972,1.16622214610368,0.597546958047278,0.42779015212605,-0.955771185043155,-0.803817468690114,-1.82169487329973,1,0,0.183004414256029,0.913498558158797,3.31857221140653,1
3,0,2.47689378773794,0.00140218522225556,1.13730486660113,1.52504209906652,1.10325059169599,0.908157485161783,1.21716186807754,0.392336431004105,0.630799502286981,0.177802685396971,0.720451368693779,0,1,0.153927875093039,0.397908012085503,0.519050174652739,168
1,0,1.58925051335245,-1.17862893683351,-0.928935332383288,-0.00895545187285433,-1.37354172807911,1.16622214610368,1.88661687877455,-0.0490778286307307,0.180689355322964,0.284928658112202,0.0293734329346532,0,0,0.00240863326310737,0.0326486431270282,0.000862798562366569,94
3,0,2.33643989637494,0.433142414875441,0.286130327527893,-2.03326146191344,-1.2084222400941,0.650092824219883,1.46028431035405,0.227043926917683,-0.379068871910697,-1.09431524025004,-1.13790723217717,0,0,0.0515489447502022,0.143693209651649,1.29483286904111,11
1,1,1.53348841611296,-0.0022580931742569,-0.0992316296415549,-0.529881951480445,0.607892127740966,-2.05958611567007,0.369532838969439,-0.470466311149955,0.196253628770034,0.0139572175953391,-0.200019847094958,0,0,0.221338549927046,0.0385154868054061,0.0400079392318903,12
3,0,1.02267514215782,1.10604753418562,-0.973519035397663,-0.589920092989224,0.938131103710979,-1.15635980237342,0.880089967749979,0.593383493870221,0.95342178701917,0.673669488181669,0.191629608720949,0,0,0.352103970797631,0.909013103962827,0.0367219069385441,46
1,0,2.40287364134565,0.409493216268063,1.99556074779509,1.01369300284814,-1.70378070404912,-1.15635980237342,2.90286868749012,-0.555988520726577,-0.472059624997198,-1.08692266472575,-1.51102861794317,1,0,0.309123235179727,0.222840289552495,2.28320748424325,3
1,0,1.41697514196858,-0.835295366415136,0.0730440120634659,0.649544375594711,-0.0525858241990593,-2.44668310708292,0.00276526890669437,-0.465056167444828,-0.77438331015897,-0.678468433815782,-1.19713450259849,0,0,0.216277238878472,0.599669511052764,1.43313101731174,7
2,1,2.55918559152633,0.721050678579991,-0.442178448085502,1.75698769999159,-0.0525858241990593,0.262995832807032,0.00276526890669437,0.857059291450988,0.258062058070186,0.0101697654156525,0.599086411661269,0,0,0.73455062906247,0.06659602581542,0.358904528637176,73
1,0,1.30471310997382,-0.349447625045722,0.683943518054363,-0.300670338075745,-0.217705312184066,-1.15635980237342,0.0473956029531615,-0.866848630829088,-0.674158228347233,-0.43361526609403,-1.03371945949329,0,0,0.751426548770264,0.45448931684828,1.0685759209351,9
1,1,2.89110524160787,0.595843003303026,1.24139232083195,0.860129433735594,-1.37354172807911,-2.44668310708292,1.88661687877455,-0.128372471985438,-0.546639568479446,-0.606817890976239,-0.738668412037376,0,0,0.0164794915636521,0.298814817827395,0.545631022941819,9
1,0,2.63415378797799,1.44850526344997,0.807144158198565,-0.352538716189147,0.607892127740966,0.779125154690833,0.369532838969439,0.275219876749009,1.53917594431607,0.895528429434493,1.33173084361606,1,1,0.07574598055774,2.36906258756126,1.77350703983834,152
2,0,1.01434041326866,-0.28082533141677,1.13136588454882,-0.589819344828814,0.938131103710979,1.16622214610368,0.880089967749979,-0.159704112820999,-1.76202895994616,-0.76662326719644,-0.927772672426971,1,0,0.0255054036519424,3.10474605568893,0.860762131702285,2
2,0,2.42673236550763,0.731610555970335,-3.08708420202331,0.428949883445884,0.938131103710979,-0.769262810960569,0.880089967749979,1.46426681613825,3.45615446516089,2.87563017460688,2.02010657915743,1,1,2.14407730884365,11.9450036870515,4.08083059115513,40
2,0,2.37948436057195,-1.68315311191116,0.0693765928668325,-0.866912667870385,-1.53866121606412,-1.41442446331532,2.36747833781991,-1.47138252596728,-0.0719716966692712,0.463962925977231,0.914987683947825,0,1,2.16496653772186,0.00517992512145358,0.837202461776206,54
3,1,1.41868652962148,-2.6354467206407,-0.276374424748787,1.11649589174787,-0.0525858241990593,0.262995832807032,0.00276526890669437,-2.09491278099511,0.0547437427359863,-0.509489680994711,-0.211596409251445,0,0,4.38865955997665,0.00299687736874385,0.0447730404081052,9
3,0,1.75012960424647,-1.75845116276559,-0.793860234485553,0.372492228697518,-1.2084222400941,-0.124101158605818,1.46028431035405,-1.12148139688486,-0.816302599548953,0.203143222219042,0.25813961984288,0,1,1.25772052355882,0.666349934030379,0.0666360633326264,19
3,1,1.83199628535658,0.150444491175098,0.951373180313846,-0.146080066786475,-0.713063776139085,2.06944845940033,0.508459948841731,-0.490988529503148,-0.633895630252008,-1.84212814430501,-1.77660916858919,0,1,0.241069736103664,0.401823670052591,3.15634013791517,2
3,1,1.78993839537725,-2.54628689301916,-0.491971611761637,-0.757500871167998,1.433489567666,-0.382165819547719,2.05489234060725,-0.955456180386013,-0.424759335670945,0.342897063852462,-0.205322138745775,0,1,0.912896512637829,0.180420493239622,0.0421571806591391,22
2,0,2.56502422876656,-2.59767227791329,-0.825247223108226,-1.04731531354196,0.607892127740966,-0.898295141431519,0.369532838969439,-1.85525838210928,-1.42865101254414,-0.720497665605263,-1.115910403907,0,0,3.44198366438675,2.0410437156434,1.24525602954789,3
2,1,1.1006513396278,2.24874013721203,0.0279972001388668,-2.57720002100882,-0.382824800169072,0.133963502336082,0.14655482762449,2.27420106479856,0.268794481418518,0.100711908227837,0.44870276701974,0,1,5.17199048313092,0.0722504732410498,0.201334173131171,76
2,0,1.10869256779552,0.35449703395503,0.093606389952248,0.603746720899379,0.607892127740966,-0.769262810960569,0.369532838969439,0.705214455637187,-0.518957603596104,-0.0892406668802484,-0.860400276667573,0,0,0.497327428439653,0.269316994330211,0.740288636089635,50
1,0,1.97377182589844,0.299900143920761,1.66863650985037,-0.356397656951037,-1.0433027521091,-0.253133489076769,1.08848063255842,0.771575378569244,0.267227939940308,-1.57407689226985,-1.05735904421197,0,0,0.595328564814273,0.071410771884741,1.11800814837686,6
3,1,2.02386642247438,-0.0298634875542635,-0.868063778929702,-0.630736242075713,-0.382824800169072,0.133963502336082,0.14655482762449,-0.94078218968686,-0.30616126058647,0.869182476524052,0.657301718441345,1,1,0.885071128432003,0.0937347174838964,0.432045549065945,60
3,1,1.43774478510022,1.31605064902186,1.25469727766884,1.03820364041349,-1.37354172807911,0.908157485161783,1.88661687877455,-0.188217834394022,-0.351083688951123,-0.200788209147273,0.249496196839252,0,1,0.0354259531839757,0.123259756647529,0.0622483522372507,49
2,0,2.22188000380993,-0.207789450876288,0.31164389918689,2.44004378969173,1.10325059169599,0.133963502336082,1.21716186807754,-0.0462922547005837,0.15372653965483,0.087323737278877,-0.34956180990744,0,0,0.00214297284526371,0.0236318489942482,0.122193458945765,166
1,1,2.27797925984487,0.785464475930673,-0.846867117878797,-0.0285295473628759,-1.0433027521091,-1.15635980237342,1.08848063255842,0.332481652872565,0.143532273449199,-0.110390496865942,0.643506152980622,0,1,0.110544049496873,0.0206015135214957,0.414100168923919,66
2,1,2.33093430986628,0.134051591797082,0.636433742069646,0.204113196925547,1.433489567666,0.779125154690833,2.05489234060725,-0.0833718459496351,-0.130710514018524,-1.17609203404863,-0.814936847682498,1,0,0.00695086469704968,0.0170852384749869,0.664122065710686,9
3,0,1.26579040102661,-0.552785855654884,-0.199523629895625,0.899727144631261,1.26837007968099,-0.124101158605818,1.60876265902996,-0.379161041063328,0.333317107052247,-0.527384304396206,-0.292597940127173,0,1,0.143763095060227,0.111100293853679,0.0856135545666648,24
3,1,1.28517215047032,-0.854640679174688,0.654264188424914,1.68526606934113,0.938131103710979,0.0049311718651318,0.880089967749979,0.542120618095266,-1.04495890489497,-1.01825897203299,-0.68847149788232,0,0,0.293894764563993,1.09193911291929,0.473993003396325,38
3,1,2.9994310317561,-1.74079738367321,1.24102863425895,0.247995924194364,1.26837007968099,-0.769262810960569,1.60876265902996,-1.3969090054977,-0.95754958756731,-1.11502283466153,-0.613357391842193,0,0,1.95135476964059,0.916901212650325,0.376207290127457,1
3,0,1.50858160760254,-0.0440510323135855,1.05717448015008,-0.0680378235555024,-1.70378070404912,-0.769262810960569,2.90286868749012,-0.383561066124418,-0.915512071243278,-0.745258600728257,-1.16796767161386,0,0,0.1471190914465,0.838162352592156,1.36414848193511,4
3,1,1.43415647093207,-1.55030864018303,0.95368855739471,0.103331843674069,1.10325059169599,-0.898295141431519,1.21716186807754,0.102228148381924,-0.805129792661483,-0.398951930978292,-0.148625344789793,1,1,0.0104505943215967,0.648233983031123,0.0220894931138849,8
2,0,2.34209262719378,-0.445819715060543,-1.14192910341519,0.190056570758566,0.44277263975596,-0.511198150018669,0.196047610516461,-0.0945290581450564,0.108045687575829,0.426427925773007,-0.192981667996829,1,0,0.00893574283379146,0.0116738706037337,0.0372419241828382,83
1,0,1.77778761507943,-1.15009085208878,-1.66399741865532,0.372314856321224,0.277653151770953,0.392028163277982,0.0770912726883441,-0.545333686676349,0.76830402698656,1.88389471656964,1.75516539527141,1,1,0.297388829824018,0.590291077883764,3.08060556475825,133
2,1,2.14193292194977,0.129842842810026,0.476268497936868,-0.735251960346701,-0.713063776139085,-1.28539213284437,0.508459948841731,-0.71468418817037,-1.39359356963842,-1.03155576779136,-1.40669489093161,1,1,0.510773488820741,1.94210303733756,1.97879051617308,8
3,1,1.21915947739035,1.32362731722275,-1.34476517176024,-0.263336744039519,-0.0525858241990593,0.521060493748932,0.00276526890669437,1.41473706041115,1.45875927079211,0.590815512724671,0.497135688827357,0,1,2.00148095010077,2.12797861012194,0.247143893105851,91
3,0,2.5912526184693,0.999747113092252,-0.322027310536164,-1.78907868312173,1.10325059169599,-0.511198150018669,1.21716186807754,1.47756208646362,0.708696432012767,0.913691920854045,1.27996485486321,0,0,2.18318971935474,0.502250632747627,1.63831002968499,77
3,1,1.74505013320595,-0.836313113232431,0.737862549923059,-0.218622076478096,-1.0433027521091,-1.54345679378627,1.08848063255842,-0.0286717194360073,-0.71500617701514,-0.372097376920139,-0.287606995984682,0,0,0.000822067495417121,0.511233833169806,0.082717784139333,6
3,1,2.66952170711011,-2.09314173538208,1.71803670547986,-0.528150959689436,0.44277263975596,1.16622214610368,0.196047610516461,-2.08090818440423,-1.29961373266086,-1.40214735083015,-1.9133395182574,0,0,4.33017887192052,1.68899585412069,3.66086811212547,0
3,1,2.96717805648223,-0.174664903131774,0.44763089209497,0.850212278472946,-1.70378070404912,1.16622214610368,2.90286868749012,0.89050706321152,-0.394135761237879,-0.109439458748837,0.178179591865905,0,0,0.793002829629606,0.155342998286563,0.0317479669575006,29
3,0,2.11459324555472,-1.07480866578513,-0.253890322916511,-0.0497591291394045,1.10325059169599,1.16622214610368,1.21716186807754,-0.851076522163313,-0.295832709272903,0.828997494983867,0.210344775547907,1,1,0.7243312465776,0.0875169918757459,0.0442449246002993,44
3,1,1.6988360946998,-0.517754147496734,1.04008462284474,-0.983959049874742,-0.382824800169072,0.521060493748932,0.14655482762449,0.918881610892207,0.228188157274301,-0.609430783602616,-0.0154182804928599,1,0,0.844343414835858,0.052069835120241,0.000237723373356505,22
2,1,2.92696627601981,0.349018126912774,-1.58395777415329,-0.551391819111855,1.433489567666,-2.05958611567007,2.05489234060725,0.586717370546354,2.20439124304608,2.41764177215681,2.42997096659243,1,1,0.344237272900828,4.85934075241825,5.90475889848214,122
2,1,2.45827322872356,-0.0544393541629069,-0.602779096887252,-0.351195522868651,-0.713063776139085,0.262995832807032,0.508459948841731,0.289525364506554,0.431963738925973,0.255894072897079,-0.176926943123591,1,1,0.0838249366926532,0.186592671746906,0.0313031432030585,77
2,0,2.12201177887619,2.29520473726857,-0.985483990148188,-1.12600398287256,-0.713063776139085,-0.382165819547719,0.508459948841731,2.88124229567947,1.87696583346254,2.15255389202687,1.8778272428968,1,1,8.30155716641229,3.52300073998574,3.52623515416539,159
1,1,1.34733053902164,0.0533029581476768,0.0815869904534652,1.0338224851197,-1.70378070404912,-1.80152145472817,2.90286868749012,0.881252628101281,1.03132693798119,0.354365630198389,0.563169374338456,0,0,0.776606194535415,1.06363525300565,0.317159744192768,45
2,1,2.28364163683727,1.0970886403327,-0.585718567725475,0.249876702247176,0.607892127740966,-1.28539213284437,0.369532838969439,1.07600193655335,1.03465707013018,0.683413081146007,0.556854140578102,1,1,1.15778016746656,1.07051525277038,0.310086533878977,56
1,0,2.87604025332257,-0.987490396769101,-1.0904001855247,0.467211380094288,0.773011615725972,-0.640230480489619,0.597546958047278,-1.11475827805204,0.487588333660945,1.18567777515548,-0.111808446970383,0,1,1.24268601848554,0.237742383122257,0.0125011288139289,117
3,1,2.33367056027055,-0.190265099751738,-1.00131889533302,-1.63463432867509,-0.878183264124091,-0.124101158605818,0.771205845387643,0.519383626772134,0.692992790367475,1.21968093211771,0.699042144982785,0,1,0.269759351758975,0.480239007501299,0.488659920462133,175
3,1,2.36046683415771,0.821155346763292,-0.507694198846906,-1.27371190144076,0.112533663785947,-0.253133489076769,0.0126638254850886,1.09710654632746,0.838963116248883,1.46911950347529,1.37677275812017,0,1,1.20364277399458,0.703859110426037,1.89550322750181,177
3,0,1.25432729767635,0.706587378940388,-0.214459545535166,-0.56453675645725,0.607892127740966,-0.769262810960569,0.369532838969439,0.178774783388051,0.196557076766644,0.498379750737618,0.800200994282844,0,0,0.0319604231754447,0.0386346844270485,0.640321631251253,94
2,0,1.47360055707395,-1.31125267847587,0.797390423399091,1.30992981462651,-0.217705312184066,-0.253133489076769,0.0473956029531615,-0.95486346468679,-0.573703960266192,-0.0967673416543152,0.248382986005299,0,0,0.91176423619366,0.329136234025113,0.0616941077369086,76
2,0,2.11168825160712,-0.58459744706233,-0.343768264618402,-0.384066398597377,-1.37354172807911,0.521060493748932,1.88661687877455,-0.513813993763644,-0.104348420338708,0.554396168566729,0.596102593937976,0,1,0.264004820187346,0.0108885928271837,0.355338302499583,149
3,1,2.18224929366261,0.023131101314092,0.76558008479655,1.19461294052474,-1.53866121606412,-0.898295141431519,2.36747833781991,-1.01419884353848,-1.18194635628895,-1.15722167810681,-1.24026076507543,0,0,1.02859929423479,1.39699718914473,1.5382467653855,1
3,1,1.7485817973502,-0.136730219833298,1.51443163706818,0.522102700985113,1.433489567666,-0.898295141431519,2.05489234060725,0.407697636011114,-0.951199222303149,-0.511418572994112,-0.849409488700849,0,1,0.166217362409051,0.904779960510115,0.721496479495037,19
3,0,1.69885711558163,-0.512988874263006,-0.183939178107942,-0.183449518371127,1.26837007968099,0.262995832807032,1.60876265902996,-1.26472547605688,-0.738156959113728,-0.711606416171796,-0.995495910736713,0,0,1.5995305297873,0.544875696288026,0.991012108293518,4
3,0,2.15815508365631,-1.16933862873999,0.574466148588024,-0.729640771700285,-1.70378070404912,0.133963502336082,2.90286868749012,-0.490231460495537,0.43693228349685,0.473681287833146,0.865059446581337,0,1,0.240326884859587,0.190909820361772,0.74832784611961,16
2,1,2.38904340704903,1.51579830200665,0.0811513473873851,1.41507072676946,-0.382824800169072,-1.67248912425722,0.14655482762449,0.0313498357731717,-0.798521909632108,-0.842797326989259,-1.10497930657936,0,1,0.000982812203004839,0.637637240162509,1.22097926796859,15
3,1,1.98729089135304,0.802359768572178,0.446469412956422,0.626452298835284,0.277653151770953,0.262995832807032,0.0770912726883441,1.20818065757603,0.993436353661714,0.763430055830197,0.892689838589049,1,1,1.45970050134085,0.986915788776682,0.796895147920143,149
1,0,1.41828705603257,1.13314438044527,0.948969038658664,-0.0225561370915152,0.112533663785947,0.521060493748932,0.0126638254850886,1.33756776428139,-0.136600503691424,-0.599932347436332,0.0226230871036067,0,1,1.78908752404472,0.0186596976087508,0.000511804070097378,106
2,0,1.68351956503466,0.0664014098827817,2.22716206805829,0.157297274719248,0.773011615725972,0.392028163277982,0.597546958047278,1.32660943665686,-2.39601839889059,-2.20412988642158,-2.03912172439358,0,0,1.75989259742702,5.74090416782223,4.15801740689384,0
3,0,2.35679035354406,1.11568310843563,-0.499202865452871,-0.642798881374927,-1.53866121606412,1.03718981563273,2.36747833781991,0.00544174477869015,-0.0581070393551532,1.34041091642769,0.813313599563966,0,1,2.96125862364015e-05,0.00337642802262132,0.661479011235696,41
1,0,1.24150343239307,0.457281978327444,1.0473866582923,1.9435960177604,1.26837007968099,-1.15635980237342,1.60876265902996,0.980254111245734,0.448758735968003,-0.751883867722423,-0.486440741266562,1,0,0.960898122614163,0.2013844031076,0.236624594763963,20
2,1,2.88661919068545,-0.0786053068974055,-1.25407368787609,0.613742258314399,1.10325059169599,1.42428680704558,1.21716186807754,-0.141789728470231,-0.114002586224336,1.24551534957658,0.0889571633765874,0,0,0.0201043270996619,0.0129965896658373,0.00791337691600887,131
2,1,1.33238347247243,-0.658557278298272,-0.124857174006346,0.946045590663789,1.26837007968099,-0.640230480489619,1.60876265902996,-0.239491902820397,0.0489258711351421,-0.242321527598235,-0.278088036859136,0,0,0.0573563715165347,0.00239374086633253,0.0773329562441683,17
1,0,2.79332515364513,-1.20986479684243,-1.28053226234442,-1.03361943835368,-0.878183264124091,1.03718981563273,0.771205845387643,-1.01642734600879,-0.411184485271994,0.57198375311351,-0.263921324013818,0,1,1.03312454971447,0.169072680928395,0.0696544652692065,15
1,0,1.03379642218351,0.333732850165943,1.28369451179571,-1.61342458425567,1.10325059169599,0.392028163277982,1.21716186807754,0.543985411970609,-0.629906750913141,-1.00430024128477,-0.777156648249441,0,0,0.295920128436833,0.39678251484595,0.603972455918305,35
3,1,2.23962813662365,1.01378412187979,-0.506125906980592,2.04954373898984,-0.878183264124091,-0.511198150018669,0.771205845387643,-0.0125869340534429,1.01486659913483,1.81821728001469,1.42512686356039,1,1,0.000158430908865721,1.02995421403949,2.03098657724147,102
1,1,2.21898621600121,-0.216221879893026,-0.494278196223723,0.0760796507378558,1.10325059169599,0.650092824219883,1.21716186807754,-0.683883198121432,-0.112198974097723,0.954219115150803,0.319659004090068,0,1,0.467696228672797,0.0125886097885815,0.102181878895854,166
2,1,2.26137641537935,-0.874669032362423,-0.41712923760979,-0.565882915217422,-0.713063776139085,-1.54345679378627,0.508459948841731,0.0160187513498882,0.91985360133638,0.709479275230375,1.01386026835522,0,0,0.000256600394809546,0.846130647891507,1.02791264374933,80
2,1,1.87583186943084,0.868140200790243,1.14619053133324,-0.0707350642625887,1.26837007968099,0.779125154690833,1.60876265902996,-1.27551743342679,-0.839940906746574,-0.880318669779179,-0.156028476911993,0,0,1.62694472297567,0.705500726826256,0.0243448856074763,30
1,1,2.32661217590794,-1.03632947522193,-2.11425631863161,-0.497618017581684,0.773011615725972,-1.28539213284437,0.597546958047278,-0.809324445960274,1.91716566143523,2.07494377837544,1.93024290226134,1,1,0.655006058828904,3.67552417338639,3.72583766173028,85
3,1,2.47863130411133,-0.169247439763449,0.759498775898268,1.07185896697042,0.607892127740966,0.521060493748932,0.369532838969439,-0.351734342196292,0.219309882374797,-1.03234992411825,-0.275192619992401,0,0,0.123717047480258,0.0480968245072473,0.0757309780982821,35
3,0,2.63101687980816,-0.040456521702927,-0.957119476687267,0.740447888108579,0.938131103710979,1.42428680704558,0.880089967749979,0.515888787395387,1.52558101973642,0.308311619694288,0.245636271236953,0,0,0.266141240960283,2.32739744778002,0.0603371777471942,84
3,1,2.21923764888197,0.936108042778744,-0.262044041216142,2.3814384832722,-1.53866121606412,0.0049311718651318,2.36747833781991,0.950363572413478,0.809449950166391,0.433291999970753,0.486797545912897,1,1,0.903190919770509,0.655209221824373,0.236971850706819,36
3,0,2.30044938530773,-1.72023294456936,-0.243495861747922,-1.39881413102015,-0.713063776139085,-0.640230480489619,0.508459948841731,-1.97028397570313,-0.629996019416271,-0.215364874774472,-0.375420496646846,0,1,3.88201894491255,0.396894984480347,0.140940549302564,28
3,0,1.50740125216544,0.606614667171239,1.12409761855528,-0.349234381534858,-0.0525858241990593,0.908157485161783,0.00276526890669437,1.42567073467766,-0.118896301511845,-1.0232518987624,-0.439235326696134,0,0,2.03253704371634,0.0141363305131956,0.19292767221786,60
2,1,2.45554509293288,-0.944325753409892,-0.316418139693386,0.516439834495289,-1.37354172807911,1.81138379845843,1.88661687877455,0.124832021428951,0.488452201891121,-0.0621630680758589,0.311020923751054,0,1,0.0155830335740381,0.238585553532285,0.096734015010959,103
1,1,1.55994327832013,-0.308645221135427,0.915643910492741,1.73042692882004,-1.53866121606412,-1.15635980237342,2.36747833781991,0.794086464749563,-0.947685159817064,-0.903565243401606,-0.824515921709997,0,1,0.630573313498458,0.898107162137495,0.679826505153286,13
1,0,2.47640363126993,0.0442615878749426,-0.193730599271682,-1.0563969378441,1.598609055651,0.262995832807032,2.5555509128094,-0.559122445566214,-0.533755815296383,0.885323586071495,0.4673232945815,0,1,0.312617909135944,0.284895270362706,0.218391061658508,36
2,1,1.19344988232478,0.0228372371029791,-0.0884637196572046,0.0238435465698992,1.10325059169599,-0.898295141431519,1.21716186807754,1.31910947569435,0.232854774506083,-0.00272670031942385,-0.362025204843567,0,0,1.74004980886662,0.0542213460102789,0.131062248942027,88
3,0,2.18019349314272,-0.109753255192495,-0.619037259466724,-0.407314639169836,-0.547944288154078,0.650092824219883,0.30024294292068,0.772239454264616,0.353753179639394,1.14673639583242,0.861842832139147,1,1,0.596353774722911,0.125141312104981,0.742773067309626,127
1,0,1.43948060972616,-0.949341536114256,0.46708444593717,-1.63451558779116,0.773011615725972,-1.02732747190247,0.597546958047278,0.187999041916208,-0.465027417358576,-0.553667321142842,-1.301661402845,0,0,0.0353436397614121,0.216250498895187,1.6943224076564,11
2,1,2.52875166200101,0.385898389802395,0.828050143282656,-1.11473686533422,0.44277263975596,0.392028163277982,0.196047610516461,-0.490490675797204,-0.836718578620783,-0.609573956944781,-0.260092962662618,0,0,0.240581103043998,0.700097979809183,0.0676483492266182,64
3,1,2.98554818145931,0.346966790363345,0.0635023207904654,-1.2190916171107,-1.0433027521091,0.521060493748932,1.08848063255842,0.235006898732813,-0.520902615986889,0.96346680765466,0.657412170018325,1,0,0.0552282424520148,0.271339535341984,0.432190761288203,23
2,0,2.04612340824679,-0.457581095592179,-0.253508348384147,-1.86460226559367,0.938131103710979,0.133963502336082,0.880089967749979,-0.125528237447173,-1.43899137872668,-0.290133402081374,-0.767193178565368,0,0,0.0157573383965938,2.07069618804972,0.588585373237232,3
2,1,2.49855891289189,0.609001726758244,-1.02022906402345,0.24739809635115,1.598609055651,2.19848078987128,2.5555509128094,-0.447897401112832,1.86978672544574,1.05845639128807,2.10984779420275,1,1,0.200612081923629,3.49610239865309,4.45145771470222,52
1,1,2.68812063010409,1.51666290110268,-1.98804962408338,0.172101132165552,0.112533663785947,0.521060493748932,0.0126638254850886,0.916471714112626,1.15144065470761,0.695440674061805,0.553868271900322,0,0,0.839920402768534,1.3258155813135,0.306770062617849,163
1,1,1.21598357334733,0.363820514493612,-0.395827236596654,0.762325152421619,-1.0433027521091,-0.124101158605818,1.08848063255842,0.802130396121338,1.27330104267925,0.530965403103142,1.37857480655445,0,1,0.643413172381774,1.62129554528806,1.90046849726665,37
1,1,1.66846813028678,0.842619804578499,-1.2500180318349,1.30998543654085,0.44277263975596,-0.124101158605818,0.196047610516461,0.812784727673039,0.739026542147949,1.58876790852131,1.50833270233174,0,1,0.660619013538536,0.546160229999154,2.27506754092336,125
3,1,1.02693279692903,0.481446999567766,1.13100798156379,-2.01935764409764,0.112533663785947,0.650092824219883,0.0126638254850886,0.526842933364949,-0.245161045758885,-0.939643604404336,0.390193688834898,1,1,0.277563476436584,0.0601039383575901,0.152251114806585,16
3,0,2.15364475920796,0.855565298782732,-1.35484567205578,-0.430982430843532,0.112533663785947,0.133963502336082,0.0126638254850886,1.56566297778406,1.45037823605283,1.85702159523426,2.20754937570096,1,1,2.45130056000364,2.10359702761572,4.87327424615771,51
1,1,1.54083027178422,0.494993929507953,1.22802063155013,-1.15151507024145,-1.70378070404912,0.392028163277982,2.90286868749012,-0.119167740984716,-0.507770496465967,-0.984460672412023,-0.420781214532824,1,1,0.0142009504914005,0.257830877081294,0.177056830503719,2
1,0,2.02589806821197,-0.229228137575565,0.994833297138441,0.165320723368314,-0.713063776139085,-1.28539213284437,0.508459948841731,0.422379859957621,-1.80533506550686,-2.05819541274426,-1.6215045474571,0,0,0.178404746097819,3.25923469874865,2.62927699742405,1
1,1,2.37346046976745,0.374589475130931,-0.684382277140536,1.02597676263222,0.277653151770953,1.55331913751653,0.0770912726883441,1.00000708734797,1.01470794478617,-0.179427722460593,0.516959586661335,0,0,1.00001417474618,1.02963221321217,0.267247214241059,45
1,1,1.28275341773406,0.764839024013671,-1.58396548823548,0.395158460554326,-1.2084222400941,0.133963502336082,1.46028431035405,-0.305045558910351,0.829260892995889,0.714255699554706,1.11778460998431,0,1,0.0930527930109283,0.68767362865234,1.24944243431778,96
2,0,2.22428872995079,-0.797616751168768,-0.642725315485226,-0.0828805303468821,-0.713063776139085,0.133963502336082,0.508459948841731,-1.78208141483192,0.629836677844434,0.6688758696651,0.967202138622194,0,0,3.17581416908935,0.396694240758113,0.935479976955347,81
1,0,2.76940438756719,0.255624687072987,1.05511640850332,-0.372345489028868,1.433489567666,1.42428680704558,2.05489234060725,0.851371697306362,-0.629466807121964,-1.08316727213651,-0.31385061099763,1,0,0.724833766974316,0.39622846126832,0.0985022060235857,8
2,0,1.53397268150002,1.22326612083323,-0.256780150961603,0.051471279419631,0.773011615725972,-0.382165819547719,0.597546958047278,0.69114237745501,0.165314782701568,-0.178490927444097,-0.131400974334115,0,1,0.477677785914163,0.0273289773796668,0.0172662160559547,115
1,1,1.24505954794586,-0.615237061065772,-1.13429449168794,0.890551351381931,0.938131103710979,-1.67248912425722,0.880089967749979,1.22211625411249,-0.00940639531428451,0.702939945039101,1.22421190956269,1,1,1.49356813856595,8.84802728085936e-05,1.49869479951512,93
1,1,1.4947784175165,0.0147940634633548,-1.28590166466703,0.94787104888936,0.277653151770953,0.650092824219883,0.0770912726883441,0.270841335109567,1.07681976848041,0.614582433644706,0.72921795638189,0,0,0.0733550288039326,1.15954081379021,0.53175882790978,48
1,1,2.80815114406869,-0.102387078267451,1.26456222814863,0.412584100722418,0.112533663785947,-1.28539213284437,0.0126638254850886,-0.0338685343862359,-0.485710983613397,-0.33481256276547,-1.02948871380239,0,1,0.00114707762147164,0.235915159602694,1.0598470118465,12
2,0,2.22084988234565,1.3485789605215,0.657048737288166,1.16477174831311,0.773011615725972,-0.898295141431519,0.597546958047278,-0.199863681642761,-0.722689934439016,-0.961770132587918,-0.243913062648483,0,0,0.0399454912397988,0.522280741339469,0.0594935821305627,52
3,0,1.28531014733016,-0.801951058884216,0.318805567621428,0.0552911742837308,1.433489567666,1.16622214610368,2.05489234060725,-1.00808827771025,-1.06241034739496,-0.694174393690888,-1.51323674399651,0,0,1.01624197565681,1.12871574625189,2.28988544338115,11
3,0,2.41365859052166,0.15806159251662,0.568016123216831,1.5305464088636,1.598609055651,-0.124101158605818,2.5555509128094,-0.751148328960921,-0.480496418806241,-0.974303608243891,-0.751071292088544,1,1,0.564223812100785,0.230876808485622,0.564108085799554,4
2,1,1.32605871977285,-0.23083103571725,1.75927548212287,-1.03965380745439,0.277653151770953,-2.18861844614102,0.0770912726883441,1.77317042989024,-1.32624426705355,-1.20176777815499,-1.63116746519489,0,0,3.14413337343713,1.7589238558924,2.66070729951033,1
3,0,2.9964082702063,-0.604542886674474,-0.125558305359549,0.287339781085611,-0.547944288154078,-1.41442446331532,0.30024294292068,-1.18750399066727,-0.215697104637944,0.217844770513224,0.644442620060284,1,1,1.41016572785069,0.046525240949192,0.415306290550163,17
3,0,2.61070053372532,2.20250173391839,0.426685709713865,-1.88456899412596,-0.217705312184066,0.650092824219883,0.0473956029531615,1.90862877465058,1.15790008341658,0.0687628444287743,0.777508094241366,1,1,3.64286379942418,1.34073260317611,0.60451883661084,94
3,0,1.84210577048361,0.365045042988612,0.361430818167495,0.489541210554559,-1.37354172807911,-1.54345679378627,1.88661687877455,1.17383031544032,0.0933505154048647,-1.19269794672568,-1.00222977459839,0,0,1.37787760944672,0.00871431872635389,1.00446452109155,13
2,0,1.93484955327585,1.1006076329505,-0.00155712362199249,-2.4683213427932,-0.878183264124091,0.0049311718651318,0.771205845387643,0.562409892503518,-0.0628250947141593,0.0996376272399064,0.519341073089797,1,1,0.316304887185819,0.00394699252584309,0.269715150198062,75
2,1,1.7798507688567,0.568448808762981,-0.289679511285711,-0.293993419858455,0.44277263975596,-0.124101158605818,0.196047610516461,0.520345951511526,0.1442868447709,0.49251076465048,0.418193610639245,1,1,0.270759909254435,0.0208186935739418,0.174885895979488,133
2,1,1.06500977743417,0.955900491700752,-0.265977117324672,0.0845146903682958,-0.713063776139085,-0.511198150018669,0.508459948841731,-0.0312578906836673,0.473718550288769,0.658993995651324,0.870254060460251,1,0,0.000977055729992093,0.224409264887693,0.757342129747554,79
1,0,2.32071613939479,2.07588692646383,-0.119894290710848,0.528293395442512,1.10325059169599,0.779125154690833,1.21716186807754,1.41279090171096,-0.23843609780995,0.573133764914165,0.650301421707305,0,0,1.99597813195728,0.0568517727388361,0.422891939074542,30
3,1,2.86726933484897,0.0919561709328132,-0.293126391162662,-0.616368564547341,1.26837007968099,-1.28539213284437,1.60876265902996,-0.12536188295834,-0.457228665509895,-0.448286203671809,-0.701046215853589,0,1,0.0157156016988606,0.209058052563959,0.491465796762637,0
3,0,1.51613090652972,0.952815590145989,-0.913940685775687,-0.583451249270369,-0.382824800169072,-0.253133489076769,0.14655482762449,0.182747913676285,-0.351067256076489,-0.0185769020180096,-0.0419819102541412,0,1,0.033396799953035,0.123248218289075,0.00176248078858677,50
2,1,1.01282732561231,1.35686893057464,0.512044592668518,0.0528670180842204,0.938131103710979,-0.511198150018669,0.880089967749979,1.33646485587604,-0.0133150276457773,-0.944722856464444,-1.78441056732599,0,0,1.78613831099176,0.000177289961207814,3.18412107278467,12
3,0,2.6442376258783,1.37711423395667,0.437027329338137,-0.59199145020531,-1.0433027521091,-0.769262810960569,1.08848063255842,0.409564517007968,-0.186122022892804,0.187181779595286,-0.156886261922292,1,0,0.16774309359197,0.0346414074057094,0.0246132991799501,10
2,1,1.48860705411062,2.8156246923403,-0.702691591831433,0.498364360167262,-0.547944288154078,0.521060493748932,0.30024294292068,0.887146721457732,0.876881728340568,0.554567881873057,1.03596881503173,1,1,0.787029305393203,0.768921565497541,1.07323138571825,111
2,0,1.1967176371254,0.317397936753487,-0.619519384092033,0.568580040211388,0.277653151770953,2.06944845940033,0.0770912726883441,0.801516447557267,0.610433370496927,0.208199188076277,0.817276990423148,1,1,0.642428615704822,0.372628899816239,0.667941679075119,89
3,0,1.1284257164225,0.0901756849768237,0.331067516564813,-1.27310206342512,0.938131103710979,-1.54345679378627,0.880089967749979,0.243711214538022,-1.41017543303346,-0.782871964045512,-0.730847934127055,1,0,0.0593951560915978,1.98859475193111,0.534138702817784,1
1,1,2.1112559796311,0.28600646662064,0.658107182376807,-0.333605220521691,-1.37354172807911,-2.18861844614102,1.88661687877455,-0.827566428502357,-1.69652452201158,-1.16551446053899,-1.22735758667998,0,0,0.684866193584146,2.8781954537866,1.50640664558091,3
3,0,1.57005704427138,1.09918593308979,1.1120372422261,1.29295408785806,0.607892127740966,-0.382165819547719,0.369532838969439,0.31157095766182,-0.866320017093923,-1.29332386137561,-0.74207134058631,0,0,0.0970764616583039,0.750510372017615,0.550669874519563,21
3,0,1.05276141129434,1.01434725173006,0.883826407461452,-0.529605771706147,0.44277263975596,0.650092824219883,0.196047610516461,1.27842789266568,0.0800307842016655,0.66485429352946,-0.0565222894134515,1,0,1.63437787674562,0.00640492641993355,0.00319476920053797,78
1,1,2.07066466426477,0.340849658340543,1.86218557799122,-0.64799837075163,0.44277263975596,-0.640230480489619,0.196047610516461,-0.380265107357727,-1.33355690995289,-1.96429353885444,-1.9891596961472,0,0,0.144601551873784,1.7783740320831,3.95675629677641,2
3,0,2.42910909093916,0.497360483059187,-1.27039074280169,1.01035893054976,1.10325059169599,2.19848078987128,1.21716186807754,0.888235259042015,0.488442009196475,1.56880868336918,0.627363053920073,1,1,0.788961875405435,0.23857559634789,0.39358440142392,182
3,0,1.73872611392289,1.00570954029774,0.374038387876034,-1.29248147628592,-1.70378070404912,0.262995832807032,2.90286868749012,0.497593954774353,0.619814253281972,0.432956752989988,0.630479725375043,0,1,0.247599743827981,0.384169708571489,0.39750468410899,35
3,0,1.82275482313707,-1.52412485959033,2.14497521766634,-0.417783745902585,-0.382824800169072,0.908157485161783,0.14655482762449,-1.88320887322157,-2.24363683580016,-1.12032380676568,-1.4993694000289,0,1,3.54647566018044,5.03390625095938,2.24810859774303,0
2,0,1.56268758419901,1.33920720739083,1.85918795806551,-0.680999808867847,1.433489567666,-0.898295141431519,2.05489234060725,1.24187341614004,-1.03245946561872,-1.36694055440962,-1.01810150316827,0,0,1.54224958171534,1.06597254814568,1.03653067075349,17
2,1,2.87584002036601,-0.895222430377752,-0.548675410377598,-1.56298560573937,-0.217705312184066,0.0049311718651318,0.0473956029531615,-2.17390717211581,-0.362983406406285,0.184831153028776,0.129636986730832,0,0,4.72587239297657,0.13175695332631,0.01680574832865,24
3,1,1.86989185912535,0.253639461330816,0.21159858270139,-0.267243731274353,-0.217705312184066,1.42428680704558,0.0473956029531615,-0.207006327906589,0.32549058095601,-0.270836638510689,0.500771988990926,0,1,0.0428516197933701,0.105944118291081,0.250772584957928,5
2,1,1.28537671966478,1.77054601840846,0.33714368298672,0.218896971400269,-0.0525858241990593,-0.511198150018669,0.00276526890669437,1.15937743187359,0.629649255975519,-0.526228151413342,0.748830563521658,0,1,1.3441560295378,0.396458185550525,0.560747212864164,96
2,0,2.2121976162307,0.263220499458166,-0.00315905312109644,-0.696341325384308,-0.382824800169072,0.392028163277982,0.14655482762449,0.389682966998959,-0.138049024375304,-0.184327378265721,-0.81123634221806,0,1,0.151852814769112,0.0190575331309732,0.658104402935338,68
2,0,1.2268761144951,-0.644973746098465,-0.98588692470715,-0.101132478683562,0.112533663785947,-0.511198150018669,0.0126638254850886,-0.203566747776321,-0.246625484566405,0.145603430064879,0.17270978152807,1,0,0.0414394208002281,0.0608241296376142,0.0298286686354736,71
2,1,1.39213077211753,-0.380741164504874,-0.472830048736793,0.463109212450544,1.433489567666,-0.253133489076769,2.05489234060725,-0.123465817759462,0.836156500178999,0.380505932348467,0.223158470669032,0,1,0.0152438081550126,0.699157692791592,0.0497997030313412,104
2,1,2.81625950662419,-0.022178050922302,1.16223035590432,0.222299137036005,-1.37354172807911,0.392028163277982,1.88661687877455,0.947767830329554,-1.15275230565008,-0.895455016185499,-0.305688424936837,1,0,0.89826386020759,1.32883787818158,0.0934454131403641,9
2,1,1.03799986513332,-0.980852729340626,2.06197121481259,-0.572210102852757,-1.37354172807911,0.392028163277982,1.88661687877455,0.534120391182242,-1.69395716317685,-2.07061694068033,-1.53005840670064,0,0,0.285284592276671,2.86949087067818,2.34107872791529,0
2,1,2.09581989469007,0.00582434418685909,0.265750810171616,-0.854627620411602,-1.37354172807911,1.03718981563273,1.88661687877455,1.26013013979073,1.09265841599252,-1.49256758921112,0.106796830277223,0,1,1.587927969209,1.19390241403929,0.011405562957262,26
1,1,1.35452608997002,-0.0511767124403547,-1.31715655180956,0.406654273616011,-0.217705312184066,-0.640230480489619,0.0473956029531615,-0.844432977472357,0.165267342493363,0.71602106778911,-0.142198197541967,0,0,0.71306705344283,0.0273132944948184,0.0202203273841842,84
3,0,1.0788869750686,-0.187846038377275,-3.20298066758704,0.980875776640282,-1.37354172807911,0.133963502336082,1.88661687877455,-0.602307950915121,1.7441581534715,2.65187197144172,2.20856298667969,1,1,0.362774867735572,3.04208766432112,4.87775046613152,76
1,1,1.05686360457912,0.417825567603115,0.0638893964441387,-0.183757702806717,-1.53866121606412,-1.93055378519912,2.36747833781991,-0.501395037177077,0.0452726708615877,-0.0147820284689226,0.757026202973187,0,1,0.251396983305802,0.00204961472694166,0.573088671988001,79
1,0,2.51830038754269,-0.0398293086769276,-0.468037430342905,-1.08344767780966,0.112533663785947,1.81138379845843,0.0126638254850886,-0.249800860421376,1.1047197194841,0.886588110663299,0.493861824434846,0,0,0.06240046986726,1.22040565861702,0.243899501634114,64
1,1,2.47479248512536,-0.439305643034638,-0.885732026555597,-2.43324396046923,1.598609055651,-0.124101158605818,2.5555509128094,-0.0365272704947848,-0.111539755068674,0.227868934504752,-0.413531866113486,1,0,0.00133424148979917,0.0124411169607797,0.171008604291302,30
2,1,1.40725000342354,-0.444929795297949,-1.7778147620882,-1.12411041081402,0.938131103710979,-0.124101158605818,0.880089967749979,-0.118008664221262,1.65115952970541,2.25040154483471,1.83382760334396,1,1,0.0139260448312865,2.726327792537,3.36292367878627,105
2,1,2.93853816622868,-0.524381600959038,1.29956574568899,-0.713266966187987,-0.547944288154078,0.392028163277982,0.30024294292068,-0.445311475323645,-1.12304810882395,-1.34601118871813,-1.54988938130411,0,0,0.198302310054922,1.26123705473304,2.40215709427924,3
3,0,2.31272136047482,-0.526954019112692,-0.60866501669695,1.26058531745009,0.112533663785947,-1.15635980237342,0.0126638254850886,-0.397095517205506,1.19946765878614,0.64457555097115,1.20514208508271,1,1,0.157684849784709,1.43872266447391,1.45236744523749,31
1,1,1.25201785098761,-0.487142784044573,-0.993006430645448,0.190254328971866,-1.2084222400941,0.0049311718651318,1.46028431035405,-0.543726377881582,1.08691992607407,1.56047853608186,1.08708746970414,0,1,0.295638374004224,1.18139492569686,1.18175916678775,93
3,1,2.70573425991461,-0.651261378671302,0.919177401291315,0.331530952774906,1.598609055651,-1.15635980237342,2.5555509128094,-0.94269590108973,-1.07902991970979,-0.282966674137253,-0.701321011492637,0,1,0.888675561931377,1.16430556762891,0.491851161161055,12
2,1,1.37592182075605,-0.860829398030301,0.720764634737372,0.0521963625301405,0.44277263975596,0.262995832807032,0.196047610516461,-0.996992840691271,-1.45103769808536,-1.21693815810772,-1.92761199483882,0,0,0.99399472438965,2.10551040126486,3.71568800264649,1
1,0,1.97821738803759,0.295099790158258,0.314491299461065,-0.803272051309956,0.277653151770953,-0.253133489076769,0.0770912726883441,-0.299567464800713,-1.25822283303545,-0.751398910134471,-0.769797989097252,0,0,0.0897406659671266,1.58312469757174,0.592588944018174,7
1,1,1.38128346251324,0.097527801730315,-0.262124989374991,0.527492203309584,-1.0433027521091,-0.253133489076769,1.08848063255842,-0.217845849226922,-0.631466367334851,-0.481452545300175,-0.220711505142692,0,1,0.047456814025399,0.398749773075073,0.0487135685023525,29
3,1,2.45158030837774,1.3699950076502,-0.300229006577052,-0.876995123414746,1.598609055651,-0.124101158605818,2.5555509128094,0.0354292059773727,-0.11184176402428,0.224849114428077,-0.553655441074627,0,0,0.0012552286361871,0.0125085801800628,0.306534347431539,28
3,0,2.56953164329752,-0.958064974322143,0.314179270265035,0.702919781600122,0.44277263975596,1.29525447657463,0.196047610516461,0.232293109944422,-0.976966948693352,0.392503305338361,0.521069939164335,0,1,0.0539600889276515,0.9544644188392,0.271513881500723,101
3,1,2.89220690540969,0.711113584049517,-0.46509664888159,-0.972452680779723,1.10325059169599,-0.511198150018669,1.21716186807754,1.80231467806772,0.933087090781156,1.17863249926307,0.565694631792644,1,1,3.24833819877833,0.870651518982442,0.320010416439015,96
3,1,2.02500535268337,-0.612683708376553,-0.591579831531515,0.814203187329054,-1.37354172807911,-1.02732747190247,1.88661687877455,-1.21209572761626,-0.489442983736861,0.500551383168353,0.293820031558622,0,1,1.46917605290558,0.239554434329242,0.0863302109451095,33
3,0,1.5614054678008,0.377796540065814,1.47549343325737,1.62972974750139,0.112533663785947,-0.253133489076769,0.0126638254850886,1.12567798485209,0.778756570633719,-0.171739996691049,0.25821009035965,1,0,1.26715092558065,0.60646179630519,0.0666724507635388,69
2,0,2.37512136436999,-1.81630690773972,-1.13507307045033,-1.27045630535953,0.112533663785947,-0.640230480489619,0.0126638254850886,-1.06840166378427,1.06388528608559,1.00764087741536,0.543520634745705,1,1,1.141482115177,1.13185190194942,0.295414680394374,59
3,1,1.37694776244462,-0.784395425503245,-1.06904176791972,-1.11141510304158,-0.0525858241990593,-1.15635980237342,0.00276526890669437,-0.446670695831494,0.868821081200697,0.0924672726401791,0.0968136952610649,1,1,0.199514710514591,0.754850071138748,0.00937289159010235,32
3,1,2.55957153392956,1.29806969886631,-1.11144421207831,0.970749692520574,0.607892127740966,0.908157485161783,0.369532838969439,0.943654042392745,0.738411497225616,1.37701232499032,1.50510280513901,0,1,0.890482951724169,0.545251539234976,2.26533445403731,191
3,0,2.46205046772957,0.916762303999162,-0.637578981729763,1.87637971704661,1.26837007968099,-0.769262810960569,1.60876265902996,0.955089635738092,2.18417815512325,1.41992155948737,1.59770523830321,0,1,0.912196212294321,4.77063421331759,2.55266202850152,184
1,0,2.19573762081563,0.102822264568208,0.549990362643895,-0.548758944993228,1.26837007968099,-0.898295141431519,1.60876265902996,0.186736309025838,-0.520440804391385,-0.771825201363629,-0.746163322786725,0,0,0.0348704491085932,0.270858630875551,0.556759704272126,7
1,1,2.14427501754835,-0.0598222912327592,-0.34841603324124,-0.997963473346819,-1.53866121606412,-0.640230480489619,2.36747833781991,-0.553927838350192,-0.0432925342435811,0.92602342877735,0.93622424695263,1,0,0.306836050099317,0.00187424352123165,0.876515840582019,5
3,0,2.34572529420257,-0.494086180786612,-0.732954834623365,0.512012817519541,-1.0433027521091,0.0049311718651318,1.08848063255842,-0.182533459934186,-0.92513980163683,0.49661565100093,0.0885220444011515,0,0,0.0333184639955452,0.855883652572633,0.00783615234495944,10
1,1,2.17291892785579,-0.0626010658484723,-0.386780880195772,1.39833855521709,-0.713063776139085,0.779125154690833,0.508459948841731,0.585520499948899,1.22769464355183,1.44671991308184,1.16474194016081,0,0,0.342834255860409,1.50723413780586,1.35662378716957,162
3,0,1.24500592565164,-0.670335225928562,0.418687992564465,-0.590800369626852,0.277653151770953,1.03718981563273,0.0770912726883441,-0.544395996402935,-0.577681933647733,-0.0339226218278617,-0.17451872401804,0,0,0.296367000899544,0.333716416462983,0.0304567850328847,34
3,1,2.3326593847014,-0.569166196740705,-0.604641806759103,0.131257853245334,0.277653151770953,0.521060493748932,0.0770912726883441,-1.12793236642037,-0.774862978775652,-0.38546808575702,-1.18202153001811,0,0,1.27223142321867,0.600412635877076,1.39717489742635,6
3,1,1.95073143905029,1.78917674531316,1.10448467808543,-0.42299559746758,1.26837007968099,0.392028163277982,1.60876265902996,0.142240328031202,-0.733187523854603,-1.02340970793505,-0.769526477066257,0,0,0.0202323109184239,0.537563945136044,0.592170998906004,8
2,0,2.16858800267801,0.846189629006623,-0.561321707068061,0.823675394045274,-0.217705312184066,-0.124101158605818,0.0473956029531615,1.01755019344269,1.51327994790848,-0.0367036690654401,1.58423783818848,1,0,1.03540839617526,2.29001620074188,2.5098095279481,118
2,0,1.53782623354346,2.65362298228627,-0.363687189416179,0.0730811875525311,0.938131103710979,-0.640230480489619,0.880089967749979,1.75461802344524,0.998287945025989,0.563571672023982,0.574917879352534,1,1,3.07868440819889,0.996578821184212,0.330530567999215,115
